variable,count,mean,std,min,25%,50%,75%,max,original
dummy1,1000.0,-1.5385216852976113e-05,0.009329989663801943,-0.0326656351570466,-0.00597008978095465,-7.261856443108172e-05,0.00647835885108705,0.0241246376246593,-0.0073784036181638
dummy2,1000.0,7.15693362638115e-05,0.010315179939579784,-0.0340277178815782,-0.00679003013862965,-0.0002949538027845,0.006808588682496,0.0313657058324352,-0.0125480595710314
x1,1000.0,0.05893735147679417,3.0952031391000085,-10.000421406689746,-1.851005957377057,0.05304168654455335,1.9895127388056728,28.204597066007523,28.204597066007523
x2,1000.0,-0.29950196006197677,7.881759864502585,-23.051210194700605,-5.485148309179732,-0.4927737002937018,4.732401138020367,75.05062507482553,75.05062507482553
x3,1000.0,0.12835827803644845,1.946092971862415,-5.759172315334816,-1.0355959774982457,0.02544603131031485,1.3452471027108697,17.754638700613057,17.754638700613057
